{
    "Canada" : [45.496120,-75.632776],
    "Ontario" : [51.253777,-85.323212],
    "Quebec" : [51.253777,-85.323212],
    
    "Alaska" : [61.218056,-149.900284],

    "Arizona" : [33.448376,-112.074036],
    "Phoenix" : [33.448376,-112.074036],

    "California" : [37.774929, -122.419418],
    "San Francisco" : [37.774929, -122.419418],
    "San Jose" : [37.338207, -121.886330],
    "Palo Alto" : [37.445100, -122.160360],
    "Stanford" :  [37.427475, -122.169716],
    "Bay Area" : [37.676976, -122.267166],
    "Berkeley" : [37.871593,-122.272743],
    "Los Angeles" : [34.052235,-118.243683],

    "Colorado" : [39.550053,-105.782066],
    "Denver" : [39.739235,-104.990250],

    "Connecticut" : [41.603222, -73.087746],

    "Washington DC" : [38.907192, -77.036873],

    "Florida" : [27.664827, -81.515755],

    "Chicago" : [41.878113, -87.629799],

    "Baltimore" : [39.290386, -76.612190],

    "Boston" : [42.360081, -71.058884],

    "Detroit" : [42.331429, -83.045753],

    "Minnesota" : [46.729553, -94.685898],

    "Las Vegas" : [36.169941, -115.139832],
    
    "New Jersey" : [40.058323, -74.405663],

    "New York City" : [40.712776, -74.005974],

    "Portland" : [45.512230, -122.658722],

    "Philadelphia" : [39.952583, -75.165222],

    "Pittsburgh" : [40.440624, -79.995888],

    "Texas" : [31.968599, -99.901810],
    "Austin" : [30.267153, -97.743057],
    "Dallas" : [32.776665, -96.796989],
    "Houston" : [29.760427, -95.369804],

    "Seattle" : [47.606209, -122.332069]
}